{"ir_model_generation": [0.08534717559814453, 0.17528510093688965, 0.13952898979187012, 0.07548785209655762, 0.1163327693939209, 0.09017705917358398, 0.09606027603149414, 0.07163715362548828, 0.10333991050720215, 0.11522483825683594, 0.20215201377868652, 0.10077500343322754, 0.1530461311340332, 0.14042186737060547, 0.14661192893981934, 0.2014470100402832, 0.06525707244873047, 0.22603392601013184, 0.13376784324645996, 0.16410207748413086, 0.09977483749389648], "usage_model_generation": [0.509929895401001, 0.44483304023742676, 0.468278169631958, 0.4137253761291504, 0.4034240245819092, 0.4721343517303467, 0.4320392608642578, 0.5506341457366943]}