{"ir_model_generation": [0.07103109359741211, 0.024084806442260742, 0.08957505226135254, 0.14006304740905762, 0.18242192268371582, 0.23767900466918945, 0.18657994270324707, 0.14818811416625977, 0.08224725723266602, 0.045883893966674805, 0.08086490631103516, 0.12758493423461914, 0.16337990760803223, 0.10221290588378906, 0.057070255279541016, 0.26583003997802734, 0.1716759204864502, 0.20878982543945312, 0.07183527946472168, 0.07202410697937012], "usage_model_generation": [0.4060370922088623, 0.36660313606262207, 0.41984987258911133, 0.37293505668640137, 0.4347689151763916, 0.38729119300842285, 0.43764591217041016, 0.44115495681762695, 0.40994882583618164]}