{"ir_model_generation": [0.23111915588378906, 0.12952804565429688, 0.11814403533935547, 0.18269681930541992, 0.14442229270935059, 0.10081624984741211, 0.1219642162322998, 0.1438436508178711, 0.11168789863586426, 0.13118505477905273, 0.1605379581451416, 0.11737203598022461, 0.10031795501708984, 0.10437488555908203, 0.13043999671936035], "usage_model_generation": [0.2820401191711426, 0.31714892387390137, 0.2766079902648926, 0.3304171562194824, 0.25397396087646484, 0.3037831783294678, 0.26538896560668945, 0.2937479019165039]}