{"ir_model_generation": [0.0519709587097168, 0.06805610656738281, 0.0794076919555664, 0.05822300910949707, 0.05800509452819824, 0.0755150318145752, 0.07958722114562988, 0.0697791576385498, 0.02757573127746582, 0.09540581703186035, 0.16589808464050293, 0.12772488594055176, 0.07492184638977051, 0.17914605140686035, 0.04866981506347656, 0.09128093719482422, 0.10287690162658691, 0.24068903923034668, 0.03594088554382324, 0.08003687858581543, 0.0628972053527832, 0.10213685035705566, 0.0816199779510498, 0.13113903999328613, 0.12870311737060547, 0.07541084289550781, 0.1046600341796875, 0.1513519287109375, 0.11348199844360352], "usage_model_generation": [0.4382503032684326, 0.42545628547668457, 0.4009380340576172, 0.4198637008666992, 0.4405539035797119, 0.42566704750061035, 0.37627410888671875, 0.37305426597595215, 0.3992733955383301, 0.45444202423095703]}