{"ir_model_generation": [0.16808509826660156, 0.366365909576416, 0.2968170642852783, 0.503716230392456, 0.3878211975097656, 0.21623516082763672, 0.20338082313537598, 0.4667057991027832, 0.5921750068664551, 0.3124198913574219, 0.42902398109436035], "usage_model_generation": [0.3729438781738281, 0.37087583541870117, 0.36322832107543945, 0.39701199531555176, 0.4077260494232178, 0.29983997344970703]}