{"ir_model_generation": [0.16100406646728516, 0.09399795532226562, 0.17236113548278809, 0.1535170078277588, 0.06576085090637207, 0.12407708168029785, 0.12084007263183594, 0.1191701889038086, 0.1424109935760498, 0.1506969928741455, 0.16149115562438965, 0.0906989574432373, 0.12050676345825195, 0.19375014305114746, 0.10530734062194824, 0.1465609073638916, 0.14274382591247559, 0.0458979606628418, 0.10424399375915527, 0.09649109840393066, 0.2523691654205322, 0.09613704681396484, 0.14219284057617188, 0.048291683197021484, 0.10551595687866211, 0.14105439186096191, 0.18240785598754883], "usage_model_generation": [0.4361002445220947, 0.3878812789916992, 0.42780113220214844, 0.4869842529296875, 0.46322178840637207, 0.44185924530029297, 0.5922019481658936, 0.42069387435913086]}