{"ir_model_generation": [0.14268016815185547, 0.1671888828277588, 0.08747005462646484, 0.11698317527770996, 0.06483197212219238, 0.11705589294433594, 0.0964667797088623, 0.06639385223388672, 0.043399810791015625, 0.09655404090881348, 0.12251496315002441, 0.051918983459472656, 0.19196701049804688, 0.10710501670837402, 0.1686418056488037, 0.09504008293151855], "usage_model_generation": [0.2926912307739258, 0.3474299907684326, 0.39087486267089844, 0.2876400947570801]}