{"ir_model_generation": [0.4232907295227051, 0.09841370582580566, 0.5207459926605225, 0.4955582618713379, 0.07263374328613281, 0.16829514503479004, 0.1013789176940918, 0.2440347671508789, 0.1067190170288086, 0.18616700172424316], "usage_model_generation": [0.35422301292419434, 0.3750782012939453, 0.3232462406158447, 0.38095688819885254, 0.3347897529602051, 0.2690410614013672]}