{"ir_model_generation": [0.25389790534973145, 0.1853501796722412, 0.14442825317382812, 0.19000506401062012, 0.12378311157226562, 0.12115788459777832, 0.2273271083831787, 0.1180419921875, 0.21441888809204102, 0.11797094345092773, 0.14748501777648926, 0.16776299476623535, 0.2945442199707031, 0.14026904106140137], "usage_model_generation": [0.29476094245910645, 0.3041672706604004, 0.24938416481018066, 0.3030426502227783, 0.28639793395996094, 0.2748441696166992]}