{"ir_model_generation": [0.0885469913482666, 0.09458494186401367, 0.08784794807434082, 0.11558794975280762, 0.07076096534729004, 0.1838393211364746, 0.08850383758544922, 0.07580804824829102, 0.09221386909484863, 0.16352581977844238, 0.0972740650177002, 0.0666971206665039, 0.07617998123168945, 0.07295894622802734, 0.11959290504455566], "usage_model_generation": [0.2864859104156494, 0.2932250499725342, 0.27477312088012695, 0.3062326908111572, 0.3000020980834961, 0.26874303817749023]}