{"ir_model_generation": [0.07387685775756836, 0.05355119705200195, 0.07379674911499023, 0.12869811058044434, 0.09178614616394043, 0.07309293746948242, 0.06544375419616699, 0.15005898475646973, 0.09793210029602051, 0.08574700355529785, 0.08067512512207031, 0.022596120834350586], "usage_model_generation": [0.29480814933776855, 0.2745227813720703, 0.2632119655609131, 0.23343610763549805, 0.26267385482788086]}