{"ir_model_generation": [0.17619585990905762, 0.09444999694824219, 0.2227950096130371, 0.3177659511566162, 0.3348207473754883, 0.355907678604126, 0.10124421119689941, 0.25125575065612793, 0.17455601692199707, 0.0720670223236084, 0.27506017684936523, 0.24924278259277344, 0.17692327499389648, 0.23689985275268555, 0.17151117324829102, 0.12386822700500488, 0.16544318199157715, 0.09187698364257812, 0.13120365142822266, 0.24852490425109863, 0.13774704933166504, 0.20679402351379395, 0.2294621467590332, 0.10304808616638184, 0.2574951648712158, 0.15577077865600586, 0.30361080169677734, 0.21025323867797852, 0.15321111679077148, 0.13662290573120117, 0.17850399017333984, 0.24606919288635254, 0.2097761631011963, 0.36998510360717773, 0.22284483909606934, 0.19798588752746582, 0.48410987854003906, 0.2958390712738037, 0.3051118850708008, 0.2115647792816162, 0.19207406044006348, 0.26084280014038086, 0.2288069725036621, 0.26981401443481445, 0.27387475967407227, 0.24341511726379395, 0.20795297622680664, 0.1558830738067627, 0.2078990936279297, 0.11149907112121582, 0.22938990592956543, 0.3684680461883545, 0.30690526962280273, 0.3005948066711426, 0.2201671600341797, 0.1935560703277588, 0.13595104217529297, 0.24783086776733398, 0.14201593399047852, 0.22219085693359375, 0.1917879581451416, 0.23700594902038574, 0.2989168167114258, 0.31885790824890137, 0.19399404525756836, 0.12325716018676758, 0.14916181564331055, 0.15021896362304688, 0.16747522354125977, 0.19413375854492188, 0.20758295059204102, 0.2034459114074707, 0.3667731285095215, 0.24465322494506836, 0.14321684837341309, 0.4621009826660156], "usage_model_generation": [1.182807207107544, 1.0254368782043457, 0.9843828678131104, 0.9175748825073242, 1.2280008792877197, 0.9182589054107666, 1.2033390998840332, 0.9771912097930908, 1.1986441612243652, 1.168546199798584]}