{"ir_model_generation": [0.1955099105834961, 0.16184687614440918, 0.14059782028198242, 0.18500876426696777, 0.11673426628112793, 0.141524076461792, 0.11662912368774414, 0.16030192375183105, 0.09417200088500977, 0.13187789916992188, 0.05263495445251465, 0.19835686683654785, 0.23517799377441406, 0.09875202178955078, 0.1237480640411377, 0.18885493278503418, 0.07459807395935059, 0.04578208923339844], "usage_model_generation": [0.3399770259857178, 0.40085887908935547, 0.3145101070404053, 0.32122802734375, 0.36237502098083496, 0.40712618827819824]}