{"ir_model_generation": [0.11833310127258301, 0.16994929313659668, 0.10109472274780273, 0.17433786392211914, 0.1035771369934082, 0.17135214805603027, 0.1312398910522461, 0.19092869758605957, 0.09706425666809082, 0.2725660800933838, 0.16726088523864746, 0.10327601432800293, 0.2540898323059082, 0.08357906341552734, 0.14217376708984375, 0.20095491409301758, 0.1487739086151123, 0.15239381790161133, 0.29532790184020996, 0.08958005905151367, 0.1884627342224121, 0.3288719654083252, 0.14216303825378418], "usage_model_generation": [0.5293259620666504, 0.5455870628356934, 0.5202288627624512, 0.5130329132080078, 0.6072020530700684, 0.5036509037017822, 0.5034160614013672]}