{"ir_model_generation": [0.11732721328735352, 0.09048080444335938, 0.0810539722442627, 0.08933615684509277, 0.05375814437866211, 0.2043750286102295, 0.2195601463317871, 0.16067004203796387, 0.08727502822875977, 0.0921630859375, 0.07802700996398926, 0.11986207962036133, 0.05264782905578613, 0.10215902328491211, 0.127655029296875, 0.11274981498718262, 0.09678816795349121], "usage_model_generation": [0.3326399326324463, 0.3487718105316162, 0.35428595542907715, 0.37186098098754883, 0.3048360347747803, 0.30855393409729004, 0.31126904487609863]}