{"ir_model_generation": [0.40223002433776855, 0.2648582458496094, 0.3635880947113037, 0.48218297958374023, 0.18523597717285156, 0.24786710739135742, 0.25859808921813965, 0.14199399948120117, 0.1125643253326416, 0.3077530860900879, 0.09443378448486328, 0.33438587188720703, 0.4723670482635498], "usage_model_generation": [0.48988914489746094, 0.48749470710754395, 0.3855149745941162, 0.4202158451080322, 0.4338653087615967, 0.4566080570220947]}