{"ir_model_generation": [0.1729588508605957, 0.1729578971862793, 0.08103609085083008, 0.09675478935241699, 0.08942914009094238, 0.08000421524047852, 0.2520430088043213, 0.05091404914855957, 0.21393394470214844, 0.1118929386138916, 0.09955906867980957, 0.09541702270507812, 0.07694792747497559, 0.09801506996154785, 0.046118974685668945, 0.19244384765625, 0.09968733787536621], "usage_model_generation": [0.5769510269165039, 0.29409098625183105, 0.34061217308044434, 0.35009002685546875, 0.3291640281677246]}