{"ir_model_generation": [0.12364792823791504, 0.1436769962310791, 0.19157004356384277, 0.06940889358520508, 0.17206597328186035, 0.3785068988800049, 0.21007204055786133, 0.12215685844421387, 0.38620495796203613, 0.16691112518310547, 0.08791494369506836, 0.2105879783630371, 0.24916601181030273, 0.38449621200561523, 0.08289408683776855, 0.21667027473449707, 0.23084402084350586, 0.2815678119659424, 0.2734050750732422, 0.16517186164855957], "usage_model_generation": [0.6662089824676514, 0.5685708522796631, 0.6276402473449707, 0.643153190612793, 0.5070250034332275, 0.5481150150299072, 0.4855048656463623]}